{"stats":{"minecraft:custom":{"minecraft:jump":325,"minecraft:open_chest":6,"minecraft:time_since_rest":4793,"minecraft:damage_dealt":10,"minecraft:play_one_minute":7482,"minecraft:crouch_one_cm":183,"minecraft:damage_taken":690,"minecraft:leave_game":3,"minecraft:sprint_one_cm":23319,"minecraft:time_since_death":4766,"minecraft:walk_one_cm":11043,"minecraft:deaths":2,"minecraft:sneak_time":62,"minecraft:fall_one_cm":17592,"minecraft:fly_one_cm":109795},"minecraft:killed_by":{"minecraft:player":1}},"DataVersion":2586}