{"stats":{"minecraft:custom":{"minecraft:jump":346,"minecraft:open_chest":10,"minecraft:time_since_rest":7662,"minecraft:damage_dealt":10,"minecraft:play_one_minute":10351,"minecraft:crouch_one_cm":723,"minecraft:damage_taken":690,"minecraft:leave_game":3,"minecraft:sprint_one_cm":24750,"minecraft:time_since_death":7635,"minecraft:walk_one_cm":17536,"minecraft:deaths":2,"minecraft:sneak_time":174,"minecraft:interact_with_lectern":1,"minecraft:fall_one_cm":17592,"minecraft:fly_one_cm":125668},"minecraft:picked_up":{"minecraft:writable_book":1},"minecraft:used":{"minecraft:writable_book":1},"minecraft:killed_by":{"minecraft:player":1}},"DataVersion":2586}