{"stats":{"minecraft:custom":{"minecraft:time_since_rest":539,"minecraft:open_chest":16,"minecraft:crouch_one_cm":1694,"minecraft:play_one_minute":22351,"minecraft:open_shulker_box":1,"minecraft:sprint_one_cm":54354,"minecraft:deaths":5,"minecraft:damage_taken":2175,"minecraft:walk_one_cm":55689,"minecraft:sneak_time":382,"minecraft:mob_kills":1,"minecraft:interact_with_lectern":3,"minecraft:jump":632,"minecraft:damage_dealt":879,"minecraft:leave_game":3,"minecraft:time_since_death":511,"minecraft:fall_one_cm":28562,"minecraft:fly_one_cm":242338,"minecraft:player_kills":1,"minecraft:damage_absorbed":279},"minecraft:killed":{"minecraft:zombie":1},"minecraft:picked_up":{"minecraft:orange_shulker_box":4,"minecraft:bone":2,"minecraft:rotten_flesh":1,"minecraft:netherite_sword":1,"minecraft:writable_book":2},"minecraft:used":{"minecraft:rotten_flesh":1,"minecraft:golden_apple":8,"minecraft:netherrack":13,"minecraft:netherite_sword":60,"minecraft:writable_book":1,"minecraft:orange_shulker_box":4},"minecraft:killed_by":{"minecraft:witch":1,"minecraft:player":3}},"DataVersion":2586}