{"stats":{"minecraft:custom":{"minecraft:jump":44,"minecraft:time_since_rest":7626,"minecraft:damage_dealt":40,"minecraft:play_one_minute":7626,"minecraft:leave_game":1,"minecraft:sprint_one_cm":3226,"minecraft:time_since_death":7626,"minecraft:walk_one_cm":3292,"minecraft:mob_kills":1,"minecraft:fall_one_cm":1463,"minecraft:fly_one_cm":9906},"minecraft:picked_up":{"minecraft:chicken":1,"minecraft:feather":1,"minecraft:egg":1},"minecraft:killed":{"minecraft:chicken":1},"minecraft:used":{"minecraft:egg":1}},"DataVersion":2586}