{"stats":{"minecraft:custom":{"minecraft:time_since_rest":144,"minecraft:damage_absorbed":1084,"minecraft:sprint_one_cm":148150,"minecraft:damage_taken":8906,"minecraft:walk_one_cm":119821,"minecraft:trigger_trapped_chest":1,"minecraft:mob_kills":3,"minecraft:drop":5,"minecraft:damage_dealt":3681,"minecraft:fly_one_cm":447161,"minecraft:player_kills":7,"minecraft:open_chest":18,"minecraft:crouch_one_cm":2422,"minecraft:play_one_minute":44626,"minecraft:open_shulker_box":1,"minecraft:deaths":30,"minecraft:sneak_time":1016,"minecraft:interact_with_lectern":3,"minecraft:jump":1490,"minecraft:leave_game":6,"minecraft:time_since_death":120,"minecraft:fall_one_cm":62020},"minecraft:mined":{"minecraft:spruce_wood":1},"minecraft:dropped":{"minecraft:wooden_sword":5},"minecraft:killed":{"minecraft:zombie":1},"minecraft:used":{"minecraft:netherite_sword":173,"minecraft:writable_book":1,"minecraft:orange_shulker_box":4,"minecraft:rotten_flesh":2,"minecraft:netherrack":27,"minecraft:golden_apple":31,"minecraft:wooden_sword":25},"minecraft:picked_up":{"minecraft:tipped_arrow":479,"minecraft:netherite_boots":4,"minecraft:orange_shulker_box":4,"minecraft:dirt":16,"minecraft:netherite_leggings":6,"minecraft:string":3,"minecraft:spider_eye":3,"minecraft:wooden_sword":12,"minecraft:bone":2,"minecraft:rotten_flesh":5,"minecraft:bow":2,"minecraft:netherite_helmet":5,"minecraft:netherite_sword":7,"minecraft:writable_book":2,"minecraft:spruce_wood":49,"minecraft:golden_apple":263,"minecraft:netherite_chestplate":3,"minecraft:enchanted_golden_apple":106,"minecraft:netherrack":373,"minecraft:coal":3,"minecraft:cobblestone":60},"minecraft:killed_by":{"minecraft:player":20,"minecraft:witch":1,"minecraft:zombie":1}},"DataVersion":2586}