{"stats":{"minecraft:custom":{"minecraft:time_since_rest":2625,"minecraft:damage_absorbed":439,"minecraft:sprint_one_cm":123658,"minecraft:damage_taken":4839,"minecraft:walk_one_cm":102410,"minecraft:trigger_trapped_chest":1,"minecraft:mob_kills":3,"minecraft:drop":5,"minecraft:damage_dealt":3161,"minecraft:fly_one_cm":385186,"minecraft:player_kills":7,"minecraft:open_chest":18,"minecraft:crouch_one_cm":2422,"minecraft:play_one_minute":38122,"minecraft:open_shulker_box":1,"minecraft:deaths":20,"minecraft:sneak_time":1016,"minecraft:interact_with_lectern":3,"minecraft:jump":1169,"minecraft:leave_game":5,"minecraft:time_since_death":2598,"minecraft:fall_one_cm":52117},"minecraft:mined":{"minecraft:spruce_wood":1},"minecraft:dropped":{"minecraft:wooden_sword":5},"minecraft:killed":{"minecraft:zombie":1},"minecraft:used":{"minecraft:netherite_sword":107,"minecraft:writable_book":1,"minecraft:orange_shulker_box":4,"minecraft:rotten_flesh":2,"minecraft:netherrack":26,"minecraft:golden_apple":13,"minecraft:wooden_sword":25},"minecraft:picked_up":{"minecraft:tipped_arrow":479,"minecraft:netherite_boots":3,"minecraft:orange_shulker_box":4,"minecraft:dirt":16,"minecraft:netherite_leggings":4,"minecraft:string":3,"minecraft:spider_eye":3,"minecraft:wooden_sword":11,"minecraft:bone":2,"minecraft:rotten_flesh":5,"minecraft:bow":2,"minecraft:netherite_helmet":3,"minecraft:netherite_sword":5,"minecraft:writable_book":2,"minecraft:spruce_wood":49,"minecraft:golden_apple":162,"minecraft:netherite_chestplate":2,"minecraft:enchanted_golden_apple":106,"minecraft:netherrack":373,"minecraft:coal":3,"minecraft:cobblestone":60},"minecraft:killed_by":{"minecraft:player":10,"minecraft:witch":1,"minecraft:zombie":1}},"DataVersion":2586}