{"stat.useItem.87":2160,"stat.useItem.88":185,"stat.useItem.276":6,"stat.useItem.89":103,"stat.walkOneCm":150492,"stat.useItem.159":833,"achievement.openInventory":88,"stat.damageTaken":2147483645,"stat.mobKills":3,"stat.useItem.46":12,"stat.useItem.49":320,"stat.useItem.54":138,"stat.useItem.76":2,"stat.useItem.383":3,"stat.flyOneCm":12872358,"stat.useItem.7":1,"stat.useItem.12":111,"stat.deaths":3,"stat.useItem.50":2,"stat.drop":37,"stat.jump":824,"stat.useItem.323":2,"stat.playOneMinute":920529,"stat.useItem.1":23,"stat.damageDealt":520,"stat.useItem.17":118,"stat.killEntity.Pig":3,"achievement.exploreAllBiomes":{"value":0,"progress":["Mesa","Stone Beach"]}}