{"stats":{"minecraft:custom":{"minecraft:interact_with_anvil":1,"minecraft:mob_kills":7,"minecraft:inspect_hopper":1,"minecraft:interact_with_crafting_table":4,"minecraft:play_one_minute":190496,"minecraft:open_shulker_box":9,"minecraft:leave_game":3,"minecraft:time_since_death":391,"minecraft:damage_resisted":208,"minecraft:time_since_rest":420,"minecraft:sprint_one_cm":69204,"minecraft:damage_absorbed":477,"minecraft:damage_taken":1971,"minecraft:walk_one_cm":124728,"minecraft:trigger_trapped_chest":6,"minecraft:drop":5,"minecraft:damage_dealt":1401,"minecraft:fly_one_cm":1261135,"minecraft:player_kills":3,"minecraft:open_chest":73,"minecraft:crouch_one_cm":33596,"minecraft:deaths":7,"minecraft:sneak_time":10840,"minecraft:walk_under_water_one_cm":512,"minecraft:jump":1084,"minecraft:walk_on_water_one_cm":488,"minecraft:fall_one_cm":28848,"minecraft:inspect_dispenser":3},"minecraft:crafted":{"minecraft:red_dye":1,"minecraft:leather_leggings":4,"minecraft:leather_boots":4,"minecraft:leather_helmet":4,"minecraft:orange_dye":1,"minecraft:leather_chestplate":4},"minecraft:mined":{"minecraft:black_shulker_box":1,"minecraft:red_shulker_box":2,"minecraft:orange_shulker_box":1,"minecraft:oak_wall_sign":1,"minecraft:yellow_shulker_box":1},"minecraft:dropped":{"minecraft:netherite_sword":1,"minecraft:rotten_flesh":1,"minecraft:packed_ice":1,"minecraft:writable_book":2},"minecraft:killed":{"minecraft:spider":2,"minecraft:zombie":1,"minecraft:skeleton_horse":1},"minecraft:picked_up":{"minecraft:yellow_shulker_box":1,"minecraft:yellow_dye":1,"minecraft:packed_ice":1,"minecraft:string":3,"minecraft:bone":1,"minecraft:oak_sign":1,"minecraft:black_shulker_box":1,"minecraft:red_dye":1,"minecraft:redstone_torch":1,"minecraft:orange_dye":1,"minecraft:orange_shulker_box":1,"minecraft:redstone":1,"minecraft:spider_eye":1,"minecraft:black_dye":1,"minecraft:red_shulker_box":2,"minecraft:rotten_flesh":2,"minecraft:writable_book":2,"minecraft:polished_blackstone_button":1},"minecraft:used":{"minecraft:crimson_stem":147,"minecraft:chiseled_polished_blackstone":11,"minecraft:water_bucket":37,"minecraft:netherite_sword":40,"minecraft:writable_book":2,"minecraft:iron_bars":178,"minecraft:polished_blackstone":9,"minecraft:redstone":11,"minecraft:elder_guardian_spawn_egg":4,"minecraft:yellow_shulker_box":1,"minecraft:dispenser":5,"minecraft:polished_andesite":1,"minecraft:zombie_villager_spawn_egg":10,"minecraft:oak_sign":11,"minecraft:chest":9,"minecraft:stone":3,"minecraft:black_shulker_box":1,"minecraft:wither_skeleton_spawn_egg":31,"minecraft:warped_sign":1,"minecraft:netherrack":60,"minecraft:polished_blackstone_bricks":76,"minecraft:stray_spawn_egg":49,"minecraft:anvil":1,"minecraft:skeleton_spawn_egg":9,"minecraft:crafting_table":1,"minecraft:tnt":214,"minecraft:hopper":5,"minecraft:skeleton_horse_spawn_egg":2,"minecraft:obsidian":4,"minecraft:redstone_torch":10,"minecraft:black_terracotta":4,"minecraft:glass":3,"minecraft:red_shulker_box":2,"minecraft:lava_bucket":4,"minecraft:villager_spawn_egg":6,"minecraft:command_block":2,"minecraft:orange_shulker_box":1,"minecraft:spawner":2,"minecraft:lectern":3,"minecraft:polished_blackstone_brick_stairs":18,"minecraft:glowstone":31,"minecraft:cobblestone":47,"minecraft:bow":14,"minecraft:written_book":1,"minecraft:guardian_spawn_egg":19,"minecraft:bucket":3,"minecraft:chain":12,"minecraft:trapped_chest":2,"minecraft:polished_blackstone_button":1,"minecraft:enchanted_golden_apple":4},"minecraft:killed_by":{"minecraft:player":1,"minecraft:spider":1}},"DataVersion":2586}