{"stats":{"minecraft:custom":{"minecraft:time_since_rest":159584,"minecraft:sprint_one_cm":32261,"minecraft:damage_taken":720,"minecraft:walk_one_cm":84084,"minecraft:trigger_trapped_chest":6,"minecraft:mob_kills":2,"minecraft:interact_with_anvil":1,"minecraft:drop":1,"minecraft:inspect_hopper":1,"minecraft:damage_dealt":269,"minecraft:interact_with_crafting_table":4,"minecraft:fly_one_cm":1012780,"minecraft:player_kills":1,"minecraft:open_chest":51,"minecraft:play_one_minute":166496,"minecraft:crouch_one_cm":28152,"minecraft:open_shulker_box":9,"minecraft:deaths":3,"minecraft:sneak_time":9066,"minecraft:walk_under_water_one_cm":512,"minecraft:jump":661,"minecraft:leave_game":3,"minecraft:walk_on_water_one_cm":488,"minecraft:time_since_death":159559,"minecraft:fall_one_cm":16850,"minecraft:inspect_dispenser":3},"minecraft:crafted":{"minecraft:red_dye":1,"minecraft:leather_leggings":4,"minecraft:leather_boots":4,"minecraft:leather_chestplate":4,"minecraft:leather_helmet":4,"minecraft:orange_dye":1},"minecraft:mined":{"minecraft:red_shulker_box":1,"minecraft:oak_wall_sign":1},"minecraft:dropped":{"minecraft:packed_ice":1},"minecraft:killed":{"minecraft:skeleton_horse":1},"minecraft:picked_up":{"minecraft:packed_ice":1,"minecraft:redstone":1,"minecraft:bone":1,"minecraft:red_shulker_box":1,"minecraft:oak_sign":1,"minecraft:polished_blackstone_button":1,"minecraft:writable_book":1,"minecraft:redstone_torch":1},"minecraft:used":{"minecraft:crimson_stem":147,"minecraft:redstone_torch":10,"minecraft:black_terracotta":3,"minecraft:glass":3,"minecraft:chiseled_polished_blackstone":11,"minecraft:red_shulker_box":2,"minecraft:water_bucket":37,"minecraft:iron_bars":178,"minecraft:writable_book":2,"minecraft:lava_bucket":1,"minecraft:villager_spawn_egg":6,"minecraft:command_block":2,"minecraft:yellow_shulker_box":1,"minecraft:orange_shulker_box":1,"minecraft:polished_andesite":1,"minecraft:elder_guardian_spawn_egg":4,"minecraft:dispenser":5,"minecraft:redstone":11,"minecraft:polished_blackstone":9,"minecraft:zombie_villager_spawn_egg":10,"minecraft:spawner":2,"minecraft:oak_sign":11,"minecraft:lectern":2,"minecraft:chest":9,"minecraft:black_shulker_box":1,"minecraft:stone":3,"minecraft:polished_blackstone_brick_stairs":18,"minecraft:wither_skeleton_spawn_egg":31,"minecraft:warped_sign":1,"minecraft:netherrack":30,"minecraft:polished_blackstone_bricks":76,"minecraft:hopper":5,"minecraft:glowstone":31,"minecraft:anvil":1,"minecraft:cobblestone":47,"minecraft:skeleton_spawn_egg":9,"minecraft:stray_spawn_egg":49,"minecraft:guardian_spawn_egg":19,"minecraft:written_book":1,"minecraft:tnt":214,"minecraft:crafting_table":1,"minecraft:chain":12,"minecraft:trapped_chest":2,"minecraft:polished_blackstone_button":1,"minecraft:skeleton_horse_spawn_egg":2,"minecraft:obsidian":3}},"DataVersion":2586}