{"stats":{"minecraft:custom":{"minecraft:time_since_rest":57584,"minecraft:sprint_one_cm":29162,"minecraft:damage_taken":720,"minecraft:walk_one_cm":64767,"minecraft:trigger_trapped_chest":6,"minecraft:mob_kills":1,"minecraft:interact_with_anvil":1,"minecraft:drop":1,"minecraft:damage_dealt":109,"minecraft:fly_one_cm":740444,"minecraft:player_kills":1,"minecraft:open_chest":17,"minecraft:play_one_minute":64496,"minecraft:crouch_one_cm":18785,"minecraft:open_shulker_box":4,"minecraft:deaths":3,"minecraft:sneak_time":6336,"minecraft:jump":585,"minecraft:leave_game":3,"minecraft:time_since_death":57559,"minecraft:fall_one_cm":16850},"minecraft:mined":{"minecraft:red_shulker_box":1,"minecraft:oak_wall_sign":1},"minecraft:dropped":{"minecraft:packed_ice":1},"minecraft:picked_up":{"minecraft:packed_ice":1,"minecraft:redstone":1,"minecraft:red_shulker_box":1,"minecraft:oak_sign":1,"minecraft:writable_book":1,"minecraft:redstone_torch":1},"minecraft:used":{"minecraft:crimson_stem":118,"minecraft:redstone_torch":10,"minecraft:black_terracotta":3,"minecraft:glass":3,"minecraft:red_shulker_box":1,"minecraft:iron_bars":178,"minecraft:writable_book":2,"minecraft:lava_bucket":1,"minecraft:villager_spawn_egg":6,"minecraft:elder_guardian_spawn_egg":4,"minecraft:redstone":11,"minecraft:polished_blackstone":9,"minecraft:zombie_villager_spawn_egg":10,"minecraft:oak_sign":8,"minecraft:lectern":2,"minecraft:chest":1,"minecraft:stone":3,"minecraft:polished_blackstone_brick_stairs":18,"minecraft:warped_sign":1,"minecraft:netherrack":30,"minecraft:polished_blackstone_bricks":45,"minecraft:glowstone":11,"minecraft:anvil":1,"minecraft:cobblestone":47,"minecraft:guardian_spawn_egg":19,"minecraft:written_book":1,"minecraft:tnt":214,"minecraft:chain":12,"minecraft:trapped_chest":2,"minecraft:obsidian":2}},"DataVersion":2586}