{"stats":{"minecraft:custom":{"minecraft:time_since_rest":93584,"minecraft:sprint_one_cm":31059,"minecraft:damage_taken":720,"minecraft:walk_one_cm":75210,"minecraft:trigger_trapped_chest":6,"minecraft:mob_kills":2,"minecraft:interact_with_anvil":1,"minecraft:drop":1,"minecraft:damage_dealt":269,"minecraft:fly_one_cm":934499,"minecraft:player_kills":1,"minecraft:open_chest":25,"minecraft:play_one_minute":100496,"minecraft:crouch_one_cm":25419,"minecraft:open_shulker_box":4,"minecraft:deaths":3,"minecraft:sneak_time":8251,"minecraft:walk_under_water_one_cm":512,"minecraft:jump":632,"minecraft:leave_game":3,"minecraft:walk_on_water_one_cm":488,"minecraft:time_since_death":93559,"minecraft:fall_one_cm":16850},"minecraft:mined":{"minecraft:red_shulker_box":1,"minecraft:oak_wall_sign":1},"minecraft:dropped":{"minecraft:packed_ice":1},"minecraft:killed":{"minecraft:skeleton_horse":1},"minecraft:picked_up":{"minecraft:packed_ice":1,"minecraft:redstone":1,"minecraft:bone":1,"minecraft:red_shulker_box":1,"minecraft:oak_sign":1,"minecraft:writable_book":1,"minecraft:redstone_torch":1},"minecraft:used":{"minecraft:crimson_stem":147,"minecraft:redstone_torch":10,"minecraft:black_terracotta":3,"minecraft:glass":3,"minecraft:chiseled_polished_blackstone":11,"minecraft:red_shulker_box":1,"minecraft:water_bucket":37,"minecraft:iron_bars":178,"minecraft:writable_book":2,"minecraft:lava_bucket":1,"minecraft:villager_spawn_egg":6,"minecraft:command_block":2,"minecraft:elder_guardian_spawn_egg":4,"minecraft:redstone":11,"minecraft:polished_blackstone":9,"minecraft:zombie_villager_spawn_egg":10,"minecraft:spawner":2,"minecraft:oak_sign":8,"minecraft:lectern":2,"minecraft:chest":5,"minecraft:stone":3,"minecraft:polished_blackstone_brick_stairs":18,"minecraft:wither_skeleton_spawn_egg":1,"minecraft:warped_sign":1,"minecraft:netherrack":30,"minecraft:polished_blackstone_bricks":76,"minecraft:glowstone":31,"minecraft:anvil":1,"minecraft:cobblestone":47,"minecraft:guardian_spawn_egg":19,"minecraft:written_book":1,"minecraft:tnt":214,"minecraft:chain":12,"minecraft:trapped_chest":2,"minecraft:skeleton_horse_spawn_egg":1,"minecraft:obsidian":2}},"DataVersion":2586}