{"stats":{"minecraft:custom":{"minecraft:interact_with_anvil":1,"minecraft:mob_kills":3,"minecraft:inspect_hopper":1,"minecraft:interact_with_crafting_table":4,"minecraft:play_one_minute":178496,"minecraft:open_shulker_box":9,"minecraft:leave_game":3,"minecraft:time_since_death":171559,"minecraft:time_since_rest":171584,"minecraft:sprint_one_cm":39255,"minecraft:damage_taken":720,"minecraft:walk_one_cm":93550,"minecraft:trigger_trapped_chest":6,"minecraft:drop":2,"minecraft:damage_dealt":279,"minecraft:fly_one_cm":1118377,"minecraft:player_kills":1,"minecraft:open_chest":69,"minecraft:crouch_one_cm":30824,"minecraft:deaths":3,"minecraft:sneak_time":9831,"minecraft:walk_under_water_one_cm":512,"minecraft:jump":759,"minecraft:walk_on_water_one_cm":488,"minecraft:fall_one_cm":16850,"minecraft:inspect_dispenser":3},"minecraft:crafted":{"minecraft:red_dye":1,"minecraft:leather_leggings":4,"minecraft:leather_boots":4,"minecraft:leather_helmet":4,"minecraft:orange_dye":1,"minecraft:leather_chestplate":4},"minecraft:mined":{"minecraft:black_shulker_box":1,"minecraft:red_shulker_box":2,"minecraft:orange_shulker_box":1,"minecraft:oak_wall_sign":1,"minecraft:yellow_shulker_box":1},"minecraft:dropped":{"minecraft:packed_ice":1,"minecraft:writable_book":1},"minecraft:killed":{"minecraft:skeleton_horse":1},"minecraft:picked_up":{"minecraft:yellow_shulker_box":1,"minecraft:yellow_dye":1,"minecraft:packed_ice":1,"minecraft:bone":1,"minecraft:oak_sign":1,"minecraft:black_shulker_box":1,"minecraft:red_dye":1,"minecraft:redstone_torch":1,"minecraft:orange_dye":1,"minecraft:orange_shulker_box":1,"minecraft:redstone":1,"minecraft:black_dye":1,"minecraft:red_shulker_box":2,"minecraft:writable_book":1,"minecraft:polished_blackstone_button":1},"minecraft:used":{"minecraft:crimson_stem":147,"minecraft:chiseled_polished_blackstone":11,"minecraft:water_bucket":37,"minecraft:writable_book":2,"minecraft:iron_bars":178,"minecraft:polished_blackstone":9,"minecraft:redstone":11,"minecraft:elder_guardian_spawn_egg":4,"minecraft:yellow_shulker_box":1,"minecraft:dispenser":5,"minecraft:polished_andesite":1,"minecraft:zombie_villager_spawn_egg":10,"minecraft:oak_sign":11,"minecraft:chest":9,"minecraft:stone":3,"minecraft:black_shulker_box":1,"minecraft:wither_skeleton_spawn_egg":31,"minecraft:warped_sign":1,"minecraft:netherrack":31,"minecraft:polished_blackstone_bricks":76,"minecraft:stray_spawn_egg":49,"minecraft:anvil":1,"minecraft:skeleton_spawn_egg":9,"minecraft:crafting_table":1,"minecraft:tnt":214,"minecraft:hopper":5,"minecraft:skeleton_horse_spawn_egg":2,"minecraft:obsidian":3,"minecraft:redstone_torch":10,"minecraft:black_terracotta":4,"minecraft:glass":3,"minecraft:red_shulker_box":2,"minecraft:lava_bucket":1,"minecraft:villager_spawn_egg":6,"minecraft:command_block":2,"minecraft:orange_shulker_box":1,"minecraft:spawner":2,"minecraft:lectern":3,"minecraft:polished_blackstone_brick_stairs":18,"minecraft:glowstone":31,"minecraft:cobblestone":47,"minecraft:written_book":1,"minecraft:guardian_spawn_egg":19,"minecraft:chain":12,"minecraft:trapped_chest":2,"minecraft:polished_blackstone_button":1}},"DataVersion":2586}